Iteración,x,y,"f(x,y)","g(x,y)",df/dx,df/dy,dg/dx,dg/dy,Jacobiana,Inversa Jacobiana,F,Producto,x_(i-1),x_i,e_r
1,1.50000,0.50000,-0.25000,-0.25000,3.00000,-1.00000,1.00000,1.00000,"[['3.00000', '-1.00000'], ['1.00000', '1.00000']]","[['0.25000', '0.25000'], ['-0.25000', '0.75000']]","['-0.25000', '-0.25000']","['-0.12500', '-0.12500']","['1.50000', '0.50000']","['1.62500', '0.62500']",0.101535
2,1.62500,0.62500,0.01562,0.01562,3.25000,-1.00000,1.00000,1.25000,"[['3.25000', '-1.00000'], ['1.00000', '1.25000']]","[['0.24691', '0.19753'], ['-0.19753', '0.64198']]","['0.01562', '0.01562']","['0.00694', '0.00694']","['1.62500', '0.62500']","['1.61806', '0.61806']",0.005670
3,1.61806,0.61806,4.82253e-05,4.82253e-05,3.23611,-1.00000,1.00000,1.23611,"[['3.23611', '-1.00000'], ['1.00000', '1.23611']]","[['0.24721', '0.19999'], ['-0.19999', '0.64720']]","['4.82253e-05', '4.82253e-05']","['2.15666e-05', '2.15666e-05']","['1.61806', '0.61806']","['1.61803', '0.61803']",0.000018
